booking_id,hotel,is_canceled,lead_time,arrival_date,stays_in_weekend_nights,stays_in_week_nights,adults,children,babies,meal,country,market_segment,distribution_channel,is_repeated_guest,previous_cancellations,reserved_room_type,assigned_room_type,booking_changes,deposit_type,days_in_waiting_list,customer_type,adr,required_car_parking_spaces,total_of_special_requests
BKG1000,City Hotel,0,197,2025-04-29,2,2,2,2,0,BB,ITA,Corporate,TA/TO,0,1,A,E,3,No Deposit,5,Transient,54.46,1,4
BKG1001,Resort Hotel,0,133,2025-02-11,1,4,1,0,0,HB,FRA,Offline TA/TO,TA/TO,0,0,A,H,3,No Deposit,5,Group,60.76,0,0
BKG1002,City Hotel,1,66,2025-01-12,2,2,2,1,0,BB,ITA,Corporate,Direct,0,1,G,C,0,No Deposit,5,Transient-Party,148.98,0,3
BKG1003,City Hotel,0,178,2024-11-21,1,3,4,1,1,BB,ITA,Direct,Direct,0,0,H,F,1,Non Refund,2,Transient,114.74,0,1
BKG1004,City Hotel,0,41,2025-02-27,1,3,3,0,0,BB,PRT,Direct,GDS,0,1,D,G,3,No Deposit,9,Transient-Party,164.54,0,2
BKG1005,Resort Hotel,0,14,2025-02-03,1,2,4,0,0,HB,DEU,Corporate,Corporate,0,0,A,E,0,No Deposit,0,Transient-Party,198.89,0,0
BKG1006,City Hotel,1,110,2025-01-01,0,5,2,0,0,BB,PRT,Offline TA/TO,Direct,0,2,G,H,0,No Deposit,3,Group,148.86,1,0
BKG1007,City Hotel,0,156,2025-01-31,3,4,2,0,0,BB,GBR,Corporate,Corporate,0,1,D,H,0,No Deposit,9,Contract,57.57,0,4
BKG1008,City Hotel,0,288,2025-01-01,2,3,2,0,0,FB,DEU,Online TA,GDS,0,0,H,D,1,No Deposit,5,Group,65.68,0,0
BKG1009,Resort Hotel,0,230,2025-03-17,3,5,2,1,0,BB,USA,Online TA,Corporate,0,1,D,H,0,No Deposit,9,Transient,182.15,0,1
BKG1010,City Hotel,0,156,2025-01-11,2,2,3,0,0,BB,GBR,Online TA,TA/TO,0,1,E,B,1,No Deposit,1,Group,129.12,0,4
BKG1011,City Hotel,1,37,2025-01-09,1,5,1,1,0,BB,ESP,Corporate,Corporate,0,1,C,F,2,No Deposit,6,Group,173.73,0,0
BKG1012,City Hotel,0,96,2024-11-23,0,1,2,0,0,BB,PRT,Corporate,GDS,0,0,F,G,0,No Deposit,6,Transient-Party,178.49,0,2
BKG1013,City Hotel,0,288,2024-08-21,3,3,2,0,0,HB,FRA,Corporate,GDS,0,2,C,B,3,No Deposit,3,Group,189.15,1,5
BKG1014,Resort Hotel,1,253,2025-03-01,0,2,2,0,1,BB,PRT,Online TA,GDS,0,2,C,A,0,No Deposit,3,Transient,192.47,0,1
BKG1015,City Hotel,1,195,2024-08-15,2,4,2,0,0,BB,FRA,Offline TA/TO,Corporate,1,2,E,E,2,No Deposit,0,Contract,133.22,0,2
BKG1016,Resort Hotel,0,85,2025-03-28,0,2,2,1,0,BB,DEU,Direct,TA/TO,0,0,D,H,2,No Deposit,1,Group,101.15,0,2
BKG1017,Resort Hotel,1,321,2024-08-27,0,4,2,0,0,HB,ESP,Corporate,Direct,0,2,D,A,0,Non Refund,8,Group,194.28,0,4
BKG1018,Resort Hotel,0,9,2025-05-29,3,2,2,0,0,HB,DEU,Offline TA/TO,TA/TO,0,0,A,G,2,No Deposit,9,Contract,132.11,2,3
BKG1019,City Hotel,0,4,2025-05-05,1,5,2,0,0,BB,ESP,Direct,Corporate,0,1,E,F,1,No Deposit,7,Transient,59.64,0,4
BKG1020,Resort Hotel,1,122,2025-07-25,0,5,2,0,0,BB,PRT,Direct,Corporate,0,1,A,B,1,No Deposit,7,Transient,146.42,1,1
BKG1021,City Hotel,1,329,2024-10-27,1,5,3,0,0,HB,FRA,Direct,Direct,0,2,E,B,0,No Deposit,8,Group,138.15,0,1
BKG1022,Resort Hotel,1,352,2025-03-12,2,1,4,0,0,BB,DEU,Offline TA/TO,Corporate,0,0,A,E,1,No Deposit,6,Transient-Party,184.37,0,4
BKG1023,Resort Hotel,1,117,2024-08-28,0,4,2,2,0,FB,ESP,Offline TA/TO,GDS,1,1,B,F,1,Refundable,8,Group,147.98,1,3
BKG1024,Resort Hotel,0,293,2025-02-12,3,5,2,0,0,FB,ITA,Online TA,GDS,1,0,G,H,3,No Deposit,9,Contract,102.36,0,4
BKG1025,Resort Hotel,0,158,2025-07-28,2,1,2,1,0,FB,GBR,Offline TA/TO,GDS,0,0,C,D,0,No Deposit,1,Contract,194.93,0,1
BKG1026,Resort Hotel,1,302,2024-12-07,2,4,2,0,0,BB,GBR,Offline TA/TO,GDS,0,1,C,D,2,No Deposit,5,Contract,170.24,0,3
BKG1027,Resort Hotel,0,227,2025-02-09,3,2,2,0,0,BB,DEU,Offline TA/TO,GDS,0,0,H,E,0,No Deposit,2,Group,144.56,0,1
BKG1028,Resort Hotel,1,364,2025-06-17,0,1,3,0,0,HB,FRA,Direct,Corporate,0,1,F,F,1,No Deposit,5,Group,93.94,0,3
BKG1029,Resort Hotel,1,215,2025-02-09,0,3,1,0,0,BB,ITA,Corporate,Direct,0,1,G,E,3,Non Refund,2,Transient,106.03,0,3
BKG1030,City Hotel,1,183,2024-12-21,2,1,3,0,0,BB,DEU,Online TA,Direct,0,1,D,F,0,No Deposit,7,Transient-Party,150.5,0,4
BKG1031,City Hotel,0,14,2025-02-28,0,1,2,0,1,FB,PRT,Corporate,GDS,0,0,F,G,0,No Deposit,3,Group,60.8,0,4
BKG1032,Resort Hotel,0,156,2025-02-20,1,4,2,0,0,FB,ESP,Corporate,Corporate,0,1,B,G,1,No Deposit,9,Transient,88.5,2,4
BKG1033,Resort Hotel,0,135,2024-11-23,3,2,2,0,0,BB,PRT,Offline TA/TO,TA/TO,0,0,H,A,1,No Deposit,5,Group,157.09,0,3
BKG1034,Resort Hotel,0,260,2025-03-04,1,3,3,0,0,BB,GBR,Online TA,TA/TO,0,1,F,H,0,No Deposit,8,Transient,122.0,0,3
BKG1035,City Hotel,0,156,2025-01-26,0,5,2,2,1,BB,ESP,Corporate,Corporate,0,1,H,E,1,No Deposit,1,Transient,110.36,0,1
BKG1036,Resort Hotel,0,46,2024-11-17,2,5,2,0,0,FB,DEU,Corporate,GDS,0,2,C,H,1,No Deposit,1,Transient-Party,72.72,0,2
BKG1037,City Hotel,0,323,2025-04-12,3,1,1,0,1,SC,PRT,Online TA,Direct,0,2,D,F,1,No Deposit,6,Group,116.28,0,4
BKG1038,City Hotel,0,331,2025-02-22,0,4,2,0,1,BB,USA,Offline TA/TO,Corporate,0,2,B,D,1,No Deposit,1,Transient,165.6,0,5
BKG1039,City Hotel,0,172,2024-12-11,0,4,2,0,0,BB,FRA,Corporate,TA/TO,0,0,C,H,1,No Deposit,1,Contract,89.6,0,1
BKG1040,City Hotel,0,129,2024-11-23,2,5,2,0,1,FB,ITA,Direct,TA/TO,0,0,G,F,3,No Deposit,3,Contract,50.81,0,1
BKG1041,City Hotel,0,94,2025-02-09,2,3,2,0,0,BB,ITA,Corporate,TA/TO,0,1,A,G,1,No Deposit,8,Contract,150.28,0,0
BKG1042,Resort Hotel,1,114,2025-06-30,1,2,2,0,0,BB,FRA,Direct,GDS,0,1,E,F,2,No Deposit,7,Transient-Party,195.89,0,4
BKG1043,Resort Hotel,0,242,2025-03-05,3,3,1,0,0,SC,USA,Offline TA/TO,TA/TO,1,1,B,E,0,No Deposit,1,Transient,141.02,0,1
BKG1044,Resort Hotel,0,291,2025-03-30,3,2,1,0,0,BB,GBR,Corporate,Corporate,0,1,D,A,3,No Deposit,7,Transient-Party,67.99,0,0
BKG1045,Resort Hotel,0,281,2025-01-14,2,5,2,0,0,HB,ESP,Online TA,Corporate,1,0,H,A,3,No Deposit,3,Group,98.11,0,5
BKG1046,Resort Hotel,1,298,2025-03-09,1,2,1,0,0,BB,FRA,Online TA,TA/TO,0,1,F,A,1,No Deposit,1,Group,180.15,0,5
BKG1047,City Hotel,0,282,2025-07-22,3,4,1,0,1,BB,USA,Corporate,Corporate,0,1,G,A,0,Non Refund,9,Transient,84.89,2,4
BKG1048,Resort Hotel,0,68,2025-07-29,2,1,1,0,0,FB,DEU,Offline TA/TO,TA/TO,0,2,F,G,2,No Deposit,6,Contract,141.15,0,3
BKG1049,Resort Hotel,0,147,2025-05-25,0,1,4,1,0,BB,ITA,Offline TA/TO,TA/TO,0,1,B,C,1,No Deposit,5,Transient,110.4,0,0
BKG1050,City Hotel,0,10,2025-04-11,3,5,2,0,1,SC,USA,Online TA,Direct,1,1,G,H,0,No Deposit,9,Transient,81.18,0,3
BKG1051,Resort Hotel,0,253,2025-01-20,1,4,2,0,1,BB,GBR,Corporate,GDS,0,1,D,E,1,No Deposit,4,Transient,172.01,1,5
BKG1052,City Hotel,0,329,2024-10-19,1,3,2,0,1,BB,GBR,Offline TA/TO,GDS,0,0,B,B,1,No Deposit,0,Transient-Party,161.42,1,5
BKG1053,Resort Hotel,0,359,2025-05-09,1,4,2,2,0,BB,PRT,Online TA,Direct,0,2,D,E,1,No Deposit,1,Group,149.24,0,2
BKG1054,City Hotel,1,37,2024-08-28,0,1,2,0,1,BB,FRA,Direct,Direct,0,1,F,C,1,No Deposit,7,Transient,85.45,0,2
BKG1055,Resort Hotel,1,133,2025-07-10,3,1,2,0,0,BB,PRT,Corporate,GDS,0,1,C,A,1,No Deposit,0,Transient,64.68,0,2
BKG1056,Resort Hotel,0,199,2024-12-23,3,4,2,0,0,BB,ITA,Direct,TA/TO,0,2,G,C,1,No Deposit,2,Transient,136.42,0,2
BKG1057,City Hotel,0,22,2024-09-02,0,4,2,0,0,BB,USA,Direct,TA/TO,0,1,A,D,1,No Deposit,1,Transient-Party,133.05,0,1
BKG1058,City Hotel,1,302,2024-08-05,3,1,1,0,0,BB,ESP,Offline TA/TO,GDS,0,0,C,D,2,No Deposit,4,Transient-Party,78.26,0,2
BKG1059,City Hotel,0,345,2024-10-24,0,3,2,0,0,HB,ESP,Offline TA/TO,TA/TO,0,1,A,H,3,No Deposit,3,Transient-Party,58.44,0,1
BKG1060,City Hotel,0,301,2024-09-07,0,5,2,1,0,HB,GBR,Offline TA/TO,Direct,0,0,F,G,2,No Deposit,6,Transient,62.11,0,1
BKG1061,City Hotel,0,362,2025-07-19,0,5,2,0,0,HB,ESP,Corporate,TA/TO,0,0,H,E,1,No Deposit,4,Contract,198.92,0,4
BKG1062,City Hotel,0,217,2024-10-05,1,4,1,1,0,BB,ESP,Direct,TA/TO,0,1,G,E,1,No Deposit,7,Contract,167.54,0,1
BKG1063,City Hotel,1,140,2025-03-12,3,5,1,2,0,BB,ITA,Corporate,Corporate,0,2,C,B,2,Non Refund,3,Contract,188.3,1,1
BKG1064,City Hotel,1,103,2025-06-21,0,1,4,0,0,HB,ESP,Offline TA/TO,Corporate,0,0,C,G,2,No Deposit,5,Group,79.26,0,2
BKG1065,Resort Hotel,0,209,2025-05-20,3,1,2,0,0,BB,USA,Direct,Corporate,0,2,B,B,3,No Deposit,3,Transient,194.09,0,1
BKG1066,Resort Hotel,0,110,2025-04-09,1,4,2,0,0,BB,ESP,Corporate,TA/TO,0,1,E,D,2,No Deposit,1,Contract,71.4,0,3
BKG1067,City Hotel,0,103,2025-04-22,0,4,2,0,0,FB,DEU,Corporate,GDS,1,0,F,A,3,No Deposit,0,Contract,126.36,0,2
BKG1068,Resort Hotel,0,315,2025-02-13,2,4,2,0,0,HB,ESP,Online TA,Direct,0,1,D,C,1,No Deposit,0,Contract,174.45,0,0
BKG1069,Resort Hotel,0,170,2025-03-16,1,3,2,2,1,BB,ESP,Corporate,TA/TO,0,2,F,B,0,No Deposit,7,Transient,102.47,0,2
BKG1070,Resort Hotel,0,355,2025-04-01,2,5,2,1,0,BB,PRT,Offline TA/TO,GDS,0,1,D,F,0,No Deposit,3,Contract,113.72,0,1
BKG1071,Resort Hotel,1,323,2024-11-17,3,4,2,0,0,HB,USA,Corporate,TA/TO,0,1,G,B,0,No Deposit,4,Contract,69.23,0,3
BKG1072,City Hotel,0,132,2024-09-14,3,2,2,0,0,BB,GBR,Direct,Direct,0,0,D,A,0,No Deposit,7,Transient,68.44,0,2
BKG1073,Resort Hotel,0,292,2025-03-03,1,2,2,1,0,HB,PRT,Corporate,TA/TO,1,1,H,A,1,Non Refund,6,Group,142.94,1,3
BKG1074,City Hotel,1,327,2024-08-17,3,1,2,2,0,HB,FRA,Online TA,Direct,0,1,A,E,0,No Deposit,7,Transient-Party,151.33,0,0
BKG1075,Resort Hotel,1,126,2024-09-05,2,5,1,1,0,FB,USA,Direct,TA/TO,0,1,D,C,2,No Deposit,7,Contract,166.6,1,5
BKG1076,Resort Hotel,0,105,2025-06-07,0,4,4,0,0,BB,DEU,Direct,Direct,0,0,D,A,2,No Deposit,5,Transient-Party,133.5,0,0
BKG1077,Resort Hotel,0,91,2025-07-22,0,2,2,0,0,BB,USA,Online TA,TA/TO,0,2,B,G,0,No Deposit,9,Group,146.86,0,5
BKG1078,City Hotel,0,286,2025-06-12,0,5,2,0,0,HB,FRA,Offline TA/TO,Direct,0,2,C,B,2,No Deposit,1,Group,52.03,0,4
BKG1079,Resort Hotel,0,50,2025-02-14,1,1,4,0,0,HB,FRA,Direct,Corporate,0,1,F,B,3,No Deposit,5,Contract,74.33,0,5
BKG1080,City Hotel,0,28,2025-04-15,3,3,2,0,0,HB,FRA,Offline TA/TO,TA/TO,0,0,F,D,1,No Deposit,0,Transient,197.74,0,4
BKG1081,Resort Hotel,1,295,2024-11-02,2,5,2,0,0,BB,ITA,Direct,TA/TO,0,1,G,A,0,No Deposit,0,Group,61.4,0,2
BKG1082,City Hotel,0,296,2024-10-17,3,5,2,0,0,BB,GBR,Direct,GDS,0,2,G,F,0,Non Refund,2,Transient-Party,151.82,0,4
BKG1083,Resort Hotel,0,213,2025-01-08,3,3,3,0,0,FB,ESP,Offline TA/TO,GDS,0,0,H,E,1,No Deposit,2,Transient-Party,76.41,0,3
BKG1084,City Hotel,0,266,2024-11-13,3,5,2,0,1,HB,USA,Direct,Direct,0,2,D,C,2,No Deposit,4,Transient-Party,157.51,0,4
BKG1085,City Hotel,0,256,2025-04-09,0,1,2,0,1,SC,ITA,Offline TA/TO,TA/TO,0,2,E,F,1,Non Refund,0,Transient-Party,155.9,1,3
BKG1086,Resort Hotel,1,301,2024-11-28,2,1,2,0,0,HB,ESP,Online TA,Direct,0,0,F,E,1,No Deposit,9,Group,85.13,0,5
BKG1087,City Hotel,1,100,2025-02-16,2,3,3,0,0,BB,ESP,Offline TA/TO,Corporate,0,0,G,B,2,No Deposit,5,Contract,90.45,0,5
BKG1088,Resort Hotel,0,345,2025-05-16,3,4,2,0,0,HB,DEU,Online TA,GDS,0,1,D,F,1,No Deposit,6,Contract,148.22,0,5
BKG1089,Resort Hotel,0,109,2025-03-09,0,2,2,1,0,FB,FRA,Direct,Direct,1,1,G,E,2,No Deposit,9,Transient-Party,108.51,0,4
BKG1090,Resort Hotel,0,181,2024-08-15,0,4,2,0,0,BB,GBR,Offline TA/TO,Direct,0,2,H,B,2,No Deposit,2,Contract,79.18,0,5
BKG1091,Resort Hotel,0,312,2024-10-20,2,5,2,0,1,HB,DEU,Direct,GDS,0,0,A,B,1,No Deposit,3,Transient-Party,159.75,0,4
BKG1092,Resort Hotel,0,0,2024-11-20,0,2,2,0,1,BB,PRT,Offline TA/TO,TA/TO,0,0,A,B,3,No Deposit,9,Transient-Party,73.12,0,4
BKG1093,Resort Hotel,0,318,2025-03-14,0,3,3,2,0,BB,ITA,Online TA,Direct,0,1,G,B,2,No Deposit,9,Transient,178.35,0,1
BKG1094,Resort Hotel,0,54,2024-09-30,0,3,2,0,0,HB,ITA,Online TA,GDS,0,2,A,G,1,No Deposit,9,Group,127.2,2,1
BKG1095,Resort Hotel,0,148,2024-08-06,1,2,2,0,0,BB,GBR,Offline TA/TO,TA/TO,0,2,G,B,2,No Deposit,9,Group,65.86,0,4
BKG1096,Resort Hotel,0,308,2025-03-02,3,1,2,0,0,BB,ESP,Online TA,Corporate,0,1,D,D,3,No Deposit,9,Transient-Party,154.11,0,3
BKG1097,Resort Hotel,0,136,2024-09-11,2,2,3,0,0,BB,ITA,Direct,GDS,0,0,B,F,3,No Deposit,2,Group,127.87,0,2
BKG1098,Resort Hotel,0,201,2024-12-29,2,5,2,0,0,BB,GBR,Direct,Direct,0,1,E,E,0,No Deposit,0,Contract,94.71,0,0
BKG1099,City Hotel,0,312,2024-08-20,1,1,2,0,0,BB,ITA,Corporate,Corporate,0,1,D,D,2,No Deposit,7,Transient-Party,113.38,0,1
BKG1100,City Hotel,0,116,2024-09-25,3,3,3,2,0,BB,ITA,Online TA,TA/TO,1,1,B,G,2,No Deposit,9,Transient,94.75,0,4
BKG1101,Resort Hotel,1,153,2024-12-09,2,2,3,0,0,SC,FRA,Direct,TA/TO,0,1,B,H,1,No Deposit,9,Contract,89.45,1,0
BKG1102,Resort Hotel,0,290,2025-04-20,0,4,3,1,1,BB,PRT,Offline TA/TO,GDS,0,0,F,H,2,No Deposit,1,Transient,74.54,0,1
BKG1103,Resort Hotel,0,62,2025-07-17,2,4,3,1,0,BB,FRA,Online TA,GDS,0,1,D,D,0,No Deposit,0,Transient,104.42,0,2
BKG1104,Resort Hotel,0,243,2025-01-29,0,5,2,0,0,BB,PRT,Direct,GDS,0,0,D,A,3,No Deposit,7,Group,87.65,0,3
BKG1105,Resort Hotel,0,24,2024-12-17,1,4,2,2,0,HB,ITA,Online TA,TA/TO,1,1,G,A,3,No Deposit,6,Group,152.52,0,4
BKG1106,Resort Hotel,0,89,2025-04-02,0,2,2,0,0,BB,DEU,Offline TA/TO,Corporate,0,2,B,A,0,No Deposit,6,Transient-Party,152.58,0,2
BKG1107,Resort Hotel,0,74,2025-02-04,2,2,3,0,0,FB,ESP,Direct,TA/TO,0,0,B,C,2,Non Refund,3,Group,125.28,0,1
BKG1108,Resort Hotel,1,293,2025-05-21,2,4,2,0,0,HB,ITA,Corporate,Direct,0,2,B,A,2,No Deposit,8,Transient,166.69,0,4
BKG1109,City Hotel,0,209,2024-11-20,2,2,2,0,0,HB,PRT,Corporate,TA/TO,0,1,G,E,0,No Deposit,5,Transient,176.2,0,0
BKG1110,Resort Hotel,0,346,2025-04-11,1,5,2,0,0,BB,PRT,Online TA,Direct,0,1,F,D,1,No Deposit,1,Contract,136.96,0,5
BKG1111,City Hotel,0,16,2024-09-19,1,1,2,0,1,HB,PRT,Offline TA/TO,Corporate,0,1,D,E,3,Non Refund,0,Transient,142.84,0,3
BKG1112,Resort Hotel,0,127,2025-03-13,3,5,2,0,0,BB,ITA,Direct,GDS,0,0,B,F,0,No Deposit,0,Transient-Party,92.43,0,1
BKG1113,Resort Hotel,0,363,2025-05-27,2,5,4,0,0,SC,GBR,Offline TA/TO,GDS,0,2,A,A,0,No Deposit,8,Transient-Party,184.23,0,3
BKG1114,City Hotel,1,250,2025-04-24,0,2,3,0,0,HB,DEU,Direct,TA/TO,0,0,D,G,2,No Deposit,3,Group,53.63,1,4
BKG1115,Resort Hotel,0,178,2025-03-09,1,1,1,0,0,BB,GBR,Online TA,GDS,0,0,G,C,3,No Deposit,4,Group,102.29,0,5
BKG1116,City Hotel,1,181,2025-06-27,2,2,2,0,0,BB,ESP,Direct,Corporate,0,1,F,F,2,No Deposit,2,Group,158.27,0,2
BKG1117,Resort Hotel,1,151,2024-10-03,2,3,2,0,0,BB,ITA,Offline TA/TO,GDS,0,2,A,G,0,No Deposit,3,Transient-Party,62.01,0,3
BKG1118,Resort Hotel,0,24,2024-08-20,1,2,2,1,0,HB,PRT,Offline TA/TO,TA/TO,0,1,G,C,1,Refundable,7,Transient,77.48,0,0
BKG1119,City Hotel,0,179,2025-03-09,3,2,3,0,0,BB,DEU,Online TA,Corporate,0,0,C,H,3,Refundable,3,Group,138.39,0,1
BKG1120,Resort Hotel,0,197,2025-07-20,1,2,2,1,1,BB,DEU,Offline TA/TO,Direct,0,1,D,F,0,Non Refund,8,Contract,134.0,0,0
BKG1121,City Hotel,0,343,2025-06-11,1,1,2,0,0,BB,USA,Direct,TA/TO,0,2,C,H,0,No Deposit,8,Group,160.84,0,3
BKG1122,Resort Hotel,0,160,2024-08-30,0,2,3,0,0,HB,ESP,Online TA,Direct,0,1,G,D,1,No Deposit,5,Transient-Party,171.89,1,5
BKG1123,City Hotel,0,176,2025-01-08,0,1,2,0,0,FB,DEU,Direct,Corporate,0,2,G,E,0,No Deposit,1,Group,69.29,2,2
BKG1124,City Hotel,0,284,2024-08-09,3,4,2,0,0,HB,ITA,Offline TA/TO,TA/TO,0,2,G,B,0,No Deposit,9,Transient,52.76,0,2
BKG1125,Resort Hotel,0,62,2024-12-29,2,3,2,0,0,HB,PRT,Online TA,TA/TO,0,1,B,E,3,No Deposit,6,Group,153.45,0,0
BKG1126,Resort Hotel,1,149,2025-06-28,1,1,2,1,0,BB,PRT,Direct,Corporate,0,0,F,A,3,No Deposit,8,Transient-Party,95.21,0,4
BKG1127,City Hotel,0,153,2025-03-06,3,4,2,0,0,BB,DEU,Offline TA/TO,GDS,0,1,B,H,3,No Deposit,5,Transient-Party,143.9,0,4
BKG1128,Resort Hotel,1,155,2024-08-25,0,1,2,1,0,HB,GBR,Offline TA/TO,TA/TO,0,0,F,G,2,No Deposit,2,Contract,72.58,0,5
BKG1129,Resort Hotel,0,48,2025-05-21,1,1,2,1,0,BB,ESP,Corporate,TA/TO,0,0,E,B,1,No Deposit,6,Transient-Party,120.36,0,2
BKG1130,Resort Hotel,0,336,2024-12-11,2,3,3,1,0,BB,PRT,Offline TA/TO,Direct,0,1,B,C,3,No Deposit,4,Contract,125.66,0,0
BKG1131,City Hotel,0,83,2025-07-27,0,5,2,2,0,BB,DEU,Direct,GDS,0,0,C,H,2,No Deposit,0,Transient,137.76,0,0
BKG1132,City Hotel,0,360,2024-10-15,0,5,2,0,0,BB,PRT,Online TA,Direct,0,0,F,D,2,No Deposit,2,Transient-Party,126.98,0,0
BKG1133,City Hotel,1,176,2025-04-13,0,1,2,0,0,BB,DEU,Corporate,Direct,0,1,B,D,1,No Deposit,4,Group,124.35,0,3
BKG1134,City Hotel,1,147,2024-08-18,3,2,2,0,1,FB,ESP,Offline TA/TO,GDS,0,1,D,H,1,No Deposit,6,Transient,99.91,0,5
BKG1135,City Hotel,1,117,2025-06-02,2,4,1,0,0,BB,DEU,Offline TA/TO,GDS,0,1,G,H,0,No Deposit,2,Group,60.68,0,4
BKG1136,City Hotel,0,341,2024-12-16,1,2,2,0,0,BB,USA,Offline TA/TO,Corporate,0,0,F,H,2,No Deposit,5,Group,63.43,0,4
BKG1137,City Hotel,0,62,2024-12-11,3,2,2,1,0,BB,DEU,Direct,GDS,0,2,F,C,3,No Deposit,4,Group,115.07,0,3
BKG1138,City Hotel,1,188,2024-09-17,3,1,4,0,0,HB,DEU,Corporate,TA/TO,0,0,B,A,1,No Deposit,0,Transient,103.37,0,1
BKG1139,City Hotel,1,359,2024-08-19,3,1,1,0,0,BB,ITA,Direct,GDS,0,2,E,C,2,No Deposit,9,Transient,127.42,0,3
BKG1140,Resort Hotel,1,48,2025-05-14,0,1,2,0,0,FB,ESP,Corporate,Corporate,0,1,B,F,3,No Deposit,5,Transient-Party,95.73,0,5
BKG1141,City Hotel,0,326,2025-03-22,2,1,3,0,0,FB,ITA,Online TA,Corporate,0,2,H,G,2,Refundable,7,Group,153.19,0,0
BKG1142,Resort Hotel,0,256,2025-05-06,3,5,2,0,0,BB,DEU,Direct,Corporate,1,1,C,H,1,No Deposit,0,Contract,179.59,0,3
BKG1143,Resort Hotel,1,223,2025-07-12,1,1,2,1,0,SC,ESP,Direct,GDS,0,1,C,G,0,Non Refund,1,Transient-Party,94.83,0,0
BKG1144,Resort Hotel,0,140,2025-01-12,2,5,2,0,0,SC,USA,Online TA,GDS,0,2,F,A,2,No Deposit,3,Transient,78.95,0,5
BKG1145,City Hotel,1,214,2024-08-17,1,5,2,0,0,FB,ESP,Corporate,Direct,0,1,F,B,3,No Deposit,1,Contract,67.43,0,5
BKG1146,City Hotel,1,210,2025-05-02,2,1,2,0,0,FB,PRT,Offline TA/TO,Direct,0,2,B,C,1,Non Refund,8,Transient,142.44,0,2
BKG1147,City Hotel,0,317,2024-12-28,1,3,2,0,0,BB,ITA,Online TA,TA/TO,1,1,C,A,0,No Deposit,9,Contract,116.58,0,0
BKG1148,City Hotel,1,31,2025-04-17,0,4,2,0,0,BB,ESP,Offline TA/TO,Direct,0,0,C,G,3,No Deposit,7,Transient-Party,78.2,2,4
BKG1149,Resort Hotel,1,157,2024-11-30,3,2,2,0,0,BB,USA,Offline TA/TO,TA/TO,0,0,E,B,3,No Deposit,7,Contract,147.97,0,3
BKG1150,City Hotel,0,284,2025-03-04,1,5,1,0,0,BB,FRA,Online TA,Corporate,0,1,D,C,3,No Deposit,3,Transient-Party,72.27,0,5
BKG1151,City Hotel,1,304,2024-09-02,2,4,2,0,0,SC,DEU,Corporate,Direct,0,1,E,D,2,Non Refund,4,Transient,133.15,0,0
BKG1152,City Hotel,0,285,2024-09-28,3,3,1,0,0,BB,ESP,Offline TA/TO,GDS,0,2,H,C,1,No Deposit,3,Contract,129.07,0,1
BKG1153,City Hotel,1,143,2025-06-23,3,2,2,0,0,HB,DEU,Online TA,Direct,0,0,A,E,3,No Deposit,8,Group,160.13,0,2
BKG1154,City Hotel,0,18,2024-09-21,2,2,2,0,0,FB,GBR,Direct,TA/TO,1,2,G,C,2,No Deposit,1,Group,58.27,0,1
BKG1155,Resort Hotel,1,17,2024-08-13,1,5,4,0,1,FB,PRT,Direct,Direct,0,1,E,E,1,No Deposit,7,Transient,183.18,0,5
BKG1156,City Hotel,0,256,2025-05-04,0,1,2,0,0,SC,ITA,Direct,Corporate,0,1,H,B,1,No Deposit,1,Contract,155.45,0,1
BKG1157,Resort Hotel,0,77,2025-07-17,0,3,2,2,0,BB,PRT,Online TA,GDS,0,2,B,C,2,No Deposit,0,Group,82.42,0,1
BKG1158,City Hotel,1,174,2024-10-19,1,5,2,0,0,BB,GBR,Direct,TA/TO,0,1,D,B,2,No Deposit,9,Transient-Party,77.51,0,2
BKG1159,Resort Hotel,0,193,2024-12-08,3,3,2,0,0,BB,GBR,Offline TA/TO,GDS,0,0,B,B,3,No Deposit,2,Contract,114.75,2,2
BKG1160,City Hotel,0,112,2025-07-19,3,1,3,0,0,BB,ITA,Direct,GDS,0,2,G,G,1,No Deposit,8,Contract,172.63,0,2
BKG1161,City Hotel,1,113,2025-04-14,3,1,4,0,0,BB,ESP,Direct,TA/TO,0,0,H,A,0,No Deposit,2,Group,176.44,0,2
BKG1162,Resort Hotel,1,221,2025-07-07,3,5,2,0,1,BB,GBR,Offline TA/TO,GDS,0,0,A,B,2,No Deposit,8,Transient-Party,128.07,0,1
BKG1163,Resort Hotel,0,165,2025-04-06,1,1,2,0,0,HB,FRA,Direct,GDS,0,0,D,B,1,No Deposit,6,Transient-Party,179.12,0,4
BKG1164,Resort Hotel,0,318,2025-02-14,3,4,2,2,0,BB,DEU,Offline TA/TO,Direct,1,2,F,G,1,No Deposit,9,Transient-Party,50.82,2,4
BKG1165,City Hotel,0,131,2025-01-02,2,2,3,0,0,BB,DEU,Direct,GDS,0,1,C,G,3,No Deposit,0,Contract,55.28,1,2
BKG1166,Resort Hotel,0,263,2025-03-05,3,5,2,0,0,HB,USA,Offline TA/TO,GDS,0,0,E,C,0,Refundable,9,Transient,186.77,0,3
BKG1167,City Hotel,0,54,2024-12-09,0,3,2,0,0,BB,GBR,Direct,GDS,0,0,H,G,3,No Deposit,4,Contract,166.3,0,0
BKG1168,City Hotel,0,358,2024-11-26,3,4,2,0,0,BB,GBR,Offline TA/TO,GDS,0,0,B,C,0,Non Refund,8,Contract,117.61,0,5
BKG1169,Resort Hotel,1,130,2025-06-09,1,5,2,0,0,HB,FRA,Online TA,TA/TO,0,1,A,D,0,No Deposit,2,Group,163.04,0,3
BKG1170,Resort Hotel,1,287,2025-03-27,0,1,1,0,0,HB,PRT,Offline TA/TO,Corporate,0,1,C,G,2,No Deposit,8,Transient,193.35,0,5
BKG1171,City Hotel,1,265,2025-02-07,1,1,2,1,0,HB,PRT,Direct,Direct,0,2,E,A,1,No Deposit,4,Transient-Party,165.81,1,3
BKG1172,City Hotel,0,161,2024-09-15,1,1,2,0,0,BB,DEU,Direct,GDS,0,1,C,B,1,Non Refund,8,Group,176.36,2,3
BKG1173,Resort Hotel,0,86,2025-02-05,0,1,2,0,0,FB,DEU,Corporate,GDS,0,2,E,A,1,No Deposit,9,Contract,164.09,2,4
BKG1174,Resort Hotel,0,54,2025-05-19,1,3,1,2,1,HB,ESP,Offline TA/TO,TA/TO,0,2,H,E,0,Refundable,5,Transient,75.23,0,0
BKG1175,Resort Hotel,0,287,2025-05-09,1,4,2,0,0,BB,ITA,Online TA,Corporate,0,2,F,H,1,Refundable,8,Transient-Party,175.04,0,3
BKG1176,City Hotel,0,177,2024-08-25,3,2,2,2,1,HB,FRA,Offline TA/TO,GDS,0,2,D,G,2,No Deposit,6,Transient-Party,79.27,0,2
BKG1177,City Hotel,1,348,2025-04-29,2,3,2,0,0,FB,ITA,Offline TA/TO,TA/TO,0,2,H,B,0,No Deposit,6,Contract,183.89,0,5
BKG1178,City Hotel,0,7,2024-09-09,1,3,1,1,0,BB,ITA,Online TA,Direct,0,0,C,A,0,No Deposit,7,Transient-Party,118.8,0,4
BKG1179,City Hotel,0,320,2025-05-10,1,2,2,0,0,BB,USA,Offline TA/TO,Direct,0,1,C,G,0,No Deposit,6,Transient-Party,151.55,0,5
BKG1180,City Hotel,0,312,2025-08-01,1,2,2,1,0,SC,ITA,Online TA,GDS,0,0,C,G,0,No Deposit,8,Transient,124.59,0,2
BKG1181,City Hotel,1,246,2025-03-31,3,1,2,2,0,HB,USA,Online TA,GDS,0,2,D,H,2,No Deposit,8,Group,64.1,0,2
BKG1182,Resort Hotel,0,322,2025-01-13,2,3,2,0,0,BB,ITA,Offline TA/TO,Corporate,1,1,A,D,1,No Deposit,5,Transient,93.61,1,3
BKG1183,City Hotel,0,254,2024-10-20,0,5,2,2,0,HB,FRA,Offline TA/TO,Corporate,0,0,E,D,2,No Deposit,6,Group,197.56,1,2
BKG1184,City Hotel,0,327,2024-11-04,3,2,3,0,0,BB,USA,Direct,GDS,1,0,H,B,1,No Deposit,1,Group,194.11,2,0
BKG1185,City Hotel,1,53,2024-08-18,3,2,2,0,0,BB,PRT,Direct,TA/TO,0,2,H,E,2,No Deposit,8,Group,98.07,0,2
BKG1186,Resort Hotel,0,248,2025-07-18,2,4,3,0,0,BB,USA,Corporate,Corporate,0,0,F,D,3,No Deposit,0,Transient-Party,199.44,0,3
BKG1187,City Hotel,1,238,2025-02-07,2,5,2,0,1,SC,USA,Corporate,GDS,0,0,C,H,3,No Deposit,0,Transient,176.83,0,5
BKG1188,City Hotel,1,228,2025-06-09,3,5,1,0,0,SC,FRA,Offline TA/TO,Corporate,0,0,G,D,3,No Deposit,2,Transient-Party,141.64,0,2
BKG1189,Resort Hotel,0,66,2025-04-22,0,2,1,0,0,BB,FRA,Online TA,GDS,0,0,H,E,3,No Deposit,5,Contract,56.02,2,4
BKG1190,City Hotel,0,50,2025-07-16,3,1,2,0,0,BB,USA,Corporate,Direct,0,0,D,A,0,No Deposit,4,Transient,185.22,1,4
BKG1191,City Hotel,1,96,2024-08-09,2,4,2,1,0,BB,GBR,Offline TA/TO,GDS,1,2,A,D,0,No Deposit,1,Group,133.61,0,4
BKG1192,City Hotel,0,91,2025-03-24,0,5,2,1,0,SC,FRA,Corporate,Direct,0,2,H,H,2,No Deposit,8,Transient-Party,180.27,0,5
BKG1193,City Hotel,0,263,2025-02-13,2,2,2,0,0,SC,ESP,Online TA,Corporate,0,0,E,C,2,No Deposit,9,Transient-Party,175.16,0,1
BKG1194,City Hotel,1,290,2024-12-20,0,5,2,0,0,HB,ESP,Offline TA/TO,GDS,0,2,D,H,3,No Deposit,3,Transient,174.95,0,4
BKG1195,Resort Hotel,1,95,2024-11-30,1,4,2,0,0,FB,PRT,Online TA,Corporate,0,2,F,F,1,Non Refund,3,Transient,154.73,1,4
BKG1196,Resort Hotel,1,87,2025-02-07,2,4,2,0,0,HB,ITA,Offline TA/TO,Direct,0,1,F,F,3,No Deposit,4,Group,93.71,0,1
BKG1197,Resort Hotel,1,77,2025-05-28,2,3,2,0,0,BB,USA,Corporate,GDS,0,0,E,D,2,No Deposit,7,Group,100.42,0,5
BKG1198,City Hotel,0,287,2025-02-06,3,2,2,0,1,BB,GBR,Direct,Corporate,1,2,C,A,3,No Deposit,9,Contract,96.27,0,4
BKG1199,City Hotel,0,119,2025-04-28,2,4,1,0,0,BB,PRT,Corporate,Direct,0,2,F,G,2,No Deposit,3,Group,53.01,0,3
BKG1200,City Hotel,1,301,2024-12-27,2,3,2,2,0,HB,USA,Corporate,Corporate,0,0,A,A,3,No Deposit,4,Transient-Party,137.39,0,5
BKG1201,Resort Hotel,0,164,2025-06-11,1,3,2,0,0,HB,FRA,Direct,TA/TO,0,1,D,H,1,No Deposit,3,Contract,154.83,1,4
BKG1202,City Hotel,0,181,2025-04-21,2,5,2,0,0,BB,ESP,Direct,Direct,0,0,H,B,3,No Deposit,5,Contract,178.08,0,4
BKG1203,City Hotel,1,222,2025-06-08,1,5,4,0,1,SC,DEU,Offline TA/TO,Direct,0,1,A,C,1,No Deposit,2,Contract,71.02,0,1
BKG1204,Resort Hotel,0,310,2025-01-21,1,3,3,0,0,BB,GBR,Offline TA/TO,Direct,0,0,C,A,1,No Deposit,7,Transient,131.63,0,3
BKG1205,City Hotel,0,6,2025-02-11,1,5,2,0,0,BB,DEU,Online TA,GDS,0,0,A,E,2,No Deposit,5,Group,51.2,0,5
BKG1206,Resort Hotel,0,329,2025-01-15,1,4,2,0,0,HB,ESP,Online TA,GDS,0,0,A,H,1,Non Refund,9,Contract,64.26,0,2
BKG1207,Resort Hotel,0,262,2025-06-07,0,1,2,0,0,HB,ITA,Corporate,GDS,0,0,B,C,0,No Deposit,4,Transient,58.13,0,0
BKG1208,Resort Hotel,0,160,2025-07-17,3,4,2,0,0,HB,ITA,Direct,TA/TO,1,1,A,F,0,No Deposit,1,Transient,158.82,0,3
BKG1209,City Hotel,0,150,2025-03-04,0,3,2,2,0,BB,DEU,Online TA,TA/TO,0,1,E,H,0,No Deposit,9,Contract,62.16,0,2
BKG1210,City Hotel,0,84,2025-05-17,2,3,2,1,0,BB,FRA,Corporate,Direct,0,2,D,C,2,No Deposit,9,Contract,157.47,0,3
BKG1211,City Hotel,0,146,2025-07-30,0,4,3,0,0,HB,USA,Direct,TA/TO,0,0,B,E,0,No Deposit,6,Transient-Party,87.44,0,2
BKG1212,City Hotel,1,111,2024-09-20,0,5,2,0,1,BB,FRA,Offline TA/TO,Corporate,0,1,D,D,2,No Deposit,1,Contract,181.66,0,2
BKG1213,City Hotel,0,35,2025-06-29,2,5,2,0,0,BB,DEU,Corporate,Direct,0,1,D,E,2,No Deposit,0,Transient-Party,171.97,0,3
BKG1214,City Hotel,1,284,2024-11-25,2,3,2,0,0,HB,FRA,Offline TA/TO,Direct,0,1,C,E,0,No Deposit,6,Contract,193.67,0,1
BKG1215,City Hotel,0,187,2025-02-15,2,2,2,0,0,BB,ESP,Online TA,Corporate,0,0,C,D,1,No Deposit,4,Contract,182.56,0,3
BKG1216,Resort Hotel,0,81,2024-11-04,0,5,2,0,0,HB,GBR,Online TA,Direct,0,2,B,D,3,No Deposit,0,Group,190.0,0,3
BKG1217,City Hotel,1,1,2024-11-23,0,4,2,0,1,FB,FRA,Direct,TA/TO,0,1,F,D,2,No Deposit,3,Contract,178.81,0,2
BKG1218,Resort Hotel,0,302,2025-04-08,2,5,1,0,0,BB,ESP,Corporate,GDS,0,0,G,D,0,No Deposit,3,Contract,154.01,1,0
BKG1219,City Hotel,1,196,2025-04-22,3,4,1,0,0,BB,GBR,Offline TA/TO,Corporate,0,1,C,D,2,No Deposit,9,Transient-Party,75.54,0,2
BKG1220,City Hotel,0,10,2025-01-19,3,3,3,2,0,HB,ITA,Direct,TA/TO,0,1,G,E,1,No Deposit,6,Transient-Party,90.76,0,4
BKG1221,City Hotel,1,233,2024-10-24,1,5,2,2,0,HB,USA,Online TA,Corporate,0,2,C,B,1,No Deposit,8,Group,81.91,2,3
BKG1222,Resort Hotel,0,194,2025-02-07,2,4,2,1,0,HB,DEU,Online TA,Corporate,0,1,C,B,0,No Deposit,1,Contract,140.54,0,5
BKG1223,Resort Hotel,1,118,2024-09-17,1,3,2,0,0,FB,ITA,Corporate,Direct,0,1,D,H,2,No Deposit,0,Contract,125.54,0,3
BKG1224,Resort Hotel,0,19,2025-06-01,3,2,3,1,0,FB,USA,Offline TA/TO,Direct,1,0,B,A,3,No Deposit,1,Transient-Party,180.06,0,1
BKG1225,Resort Hotel,1,260,2024-10-03,1,4,2,0,0,SC,ITA,Corporate,TA/TO,0,0,D,B,3,No Deposit,6,Transient,192.9,0,5
BKG1226,City Hotel,0,292,2024-08-07,2,2,2,1,0,BB,PRT,Offline TA/TO,Corporate,1,2,H,F,2,No Deposit,9,Transient,110.73,0,2
BKG1227,Resort Hotel,0,255,2025-02-13,2,2,3,0,0,BB,ITA,Offline TA/TO,Direct,0,0,E,B,2,Non Refund,5,Transient,125.95,0,1
BKG1228,City Hotel,1,221,2025-04-03,2,1,3,1,1,BB,ESP,Corporate,Direct,0,0,D,E,2,No Deposit,3,Transient-Party,195.73,0,3
BKG1229,City Hotel,0,225,2025-05-19,0,5,2,0,0,BB,GBR,Direct,Corporate,0,2,G,D,0,No Deposit,0,Transient-Party,91.44,2,2
BKG1230,Resort Hotel,0,52,2024-11-12,1,4,3,1,0,BB,ITA,Corporate,TA/TO,1,1,G,H,1,No Deposit,0,Transient,168.86,0,2
BKG1231,Resort Hotel,0,354,2024-11-18,3,2,2,2,0,BB,FRA,Corporate,TA/TO,0,2,E,D,3,No Deposit,4,Transient,83.79,0,4
BKG1232,Resort Hotel,0,341,2024-08-30,3,1,2,0,0,SC,USA,Online TA,Corporate,0,0,A,G,0,No Deposit,0,Contract,152.22,0,4
BKG1233,Resort Hotel,0,363,2025-02-22,3,3,2,0,0,BB,ITA,Online TA,TA/TO,0,2,A,G,2,No Deposit,6,Transient-Party,88.04,0,0
BKG1234,Resort Hotel,0,279,2025-04-19,0,4,1,2,1,BB,GBR,Corporate,Direct,0,1,E,G,2,Non Refund,0,Transient-Party,182.56,0,4
BKG1235,Resort Hotel,1,80,2025-06-29,0,2,2,0,0,BB,ESP,Corporate,Corporate,0,2,E,E,1,Non Refund,0,Transient,134.22,0,5
BKG1236,Resort Hotel,0,201,2025-04-06,2,5,2,1,0,BB,PRT,Online TA,Direct,0,0,D,F,2,No Deposit,1,Transient,77.89,0,2
BKG1237,Resort Hotel,0,157,2024-08-16,3,1,2,0,0,BB,USA,Offline TA/TO,GDS,0,0,E,B,0,No Deposit,9,Group,83.66,0,4
BKG1238,City Hotel,1,119,2025-06-27,0,2,2,0,0,BB,DEU,Corporate,GDS,0,2,H,E,0,Non Refund,2,Transient-Party,124.08,0,0
BKG1239,Resort Hotel,1,58,2025-03-14,2,5,2,0,0,BB,GBR,Direct,TA/TO,0,1,B,A,1,No Deposit,0,Group,194.24,0,3
BKG1240,Resort Hotel,0,214,2025-02-08,3,2,2,0,0,HB,DEU,Direct,GDS,0,2,A,H,0,No Deposit,8,Contract,165.45,0,5
BKG1241,City Hotel,0,127,2024-11-23,1,4,2,1,0,FB,GBR,Direct,Direct,0,1,A,D,3,No Deposit,9,Group,123.25,0,4
BKG1242,Resort Hotel,0,223,2024-09-07,2,4,2,0,0,FB,GBR,Corporate,GDS,0,1,H,G,0,No Deposit,7,Transient,100.66,0,2
BKG1243,City Hotel,0,208,2024-08-30,0,4,2,0,0,HB,ESP,Offline TA/TO,Direct,0,2,F,C,0,No Deposit,4,Transient-Party,132.39,0,3
BKG1244,City Hotel,0,114,2025-04-10,0,1,2,0,0,BB,ESP,Offline TA/TO,TA/TO,0,1,H,A,0,No Deposit,1,Transient-Party,162.25,0,2
BKG1245,Resort Hotel,0,208,2025-01-17,2,4,4,0,0,FB,ESP,Online TA,TA/TO,0,0,H,G,3,No Deposit,4,Group,167.59,0,3
BKG1246,City Hotel,0,13,2025-05-31,2,5,1,1,0,FB,ITA,Corporate,Direct,0,2,E,F,2,No Deposit,5,Group,98.69,0,5
BKG1247,City Hotel,0,8,2024-11-04,0,2,1,2,0,BB,FRA,Offline TA/TO,GDS,0,1,C,A,0,No Deposit,0,Contract,158.17,0,2
BKG1248,City Hotel,1,39,2024-10-19,1,3,2,0,0,HB,GBR,Corporate,TA/TO,0,0,C,E,1,No Deposit,3,Contract,148.67,0,4
BKG1249,City Hotel,1,236,2024-09-09,3,5,2,1,0,BB,USA,Online TA,Corporate,0,2,H,B,3,No Deposit,8,Transient,193.87,0,4
BKG1250,Resort Hotel,0,280,2025-02-13,1,5,2,1,0,FB,DEU,Online TA,TA/TO,0,0,E,D,1,No Deposit,1,Transient,189.66,0,0
BKG1251,City Hotel,0,358,2025-04-28,2,4,3,0,0,SC,ESP,Online TA,GDS,0,0,B,H,0,No Deposit,4,Transient,168.41,0,3
BKG1252,Resort Hotel,0,200,2024-12-12,1,1,2,2,0,BB,ITA,Direct,Corporate,1,0,C,F,1,Non Refund,0,Group,158.51,0,0
BKG1253,City Hotel,1,245,2025-01-23,0,2,2,0,0,FB,ESP,Corporate,GDS,0,1,F,F,0,Non Refund,3,Group,91.11,0,1
BKG1254,City Hotel,0,277,2024-11-03,2,1,2,0,0,HB,DEU,Online TA,Direct,0,2,G,C,3,No Deposit,3,Transient-Party,176.89,0,4
BKG1255,City Hotel,0,234,2024-08-12,3,2,2,1,1,SC,DEU,Corporate,Corporate,0,2,E,A,1,No Deposit,5,Transient,114.13,0,3
BKG1256,City Hotel,1,3,2025-03-05,0,2,2,0,0,BB,GBR,Direct,GDS,1,1,H,C,1,No Deposit,9,Group,90.84,0,5
BKG1257,Resort Hotel,1,153,2025-01-22,0,1,1,1,0,FB,ESP,Direct,Corporate,0,2,B,B,0,No Deposit,8,Transient-Party,107.62,0,0
BKG1258,Resort Hotel,1,28,2025-01-14,3,5,2,1,0,BB,DEU,Online TA,GDS,0,0,B,G,0,Non Refund,2,Transient,175.39,0,5
BKG1259,City Hotel,1,108,2025-05-04,3,2,1,0,0,BB,FRA,Online TA,Corporate,0,2,D,B,2,Refundable,8,Contract,72.29,0,5
BKG1260,City Hotel,0,97,2025-01-01,1,1,1,1,0,BB,FRA,Offline TA/TO,GDS,0,1,B,G,0,No Deposit,5,Contract,118.42,1,5
BKG1261,Resort Hotel,0,214,2025-05-06,2,2,3,0,0,SC,ESP,Corporate,Direct,0,0,C,C,0,No Deposit,6,Group,123.85,1,0
BKG1262,City Hotel,1,292,2024-09-29,3,3,2,0,0,FB,ITA,Online TA,Corporate,0,1,H,D,2,No Deposit,9,Transient-Party,55.49,0,1
BKG1263,City Hotel,1,74,2025-06-12,3,5,2,0,0,FB,DEU,Offline TA/TO,Corporate,0,0,G,B,0,No Deposit,1,Contract,79.36,0,0
BKG1264,City Hotel,0,325,2025-07-04,2,4,2,2,0,SC,GBR,Corporate,Corporate,0,0,C,C,0,No Deposit,9,Transient-Party,174.01,0,2
BKG1265,Resort Hotel,0,145,2025-01-20,3,2,2,0,0,BB,GBR,Online TA,Corporate,0,2,E,A,2,No Deposit,5,Transient-Party,174.62,0,4
BKG1266,Resort Hotel,0,127,2025-02-25,3,3,3,0,0,BB,ITA,Offline TA/TO,Direct,0,0,G,C,3,No Deposit,5,Contract,93.86,0,0
BKG1267,Resort Hotel,1,340,2024-11-04,1,4,1,0,0,BB,GBR,Offline TA/TO,Corporate,1,1,E,C,3,No Deposit,1,Transient-Party,181.23,0,0
BKG1268,City Hotel,1,41,2024-11-22,0,4,2,1,0,BB,PRT,Corporate,TA/TO,0,2,B,E,0,No Deposit,1,Contract,165.77,1,1
BKG1269,City Hotel,0,355,2025-01-11,0,2,4,0,0,BB,ESP,Offline TA/TO,Direct,0,1,F,B,0,No Deposit,1,Group,112.69,1,2
BKG1270,Resort Hotel,0,40,2025-07-19,0,1,2,0,0,BB,GBR,Corporate,TA/TO,0,0,A,H,2,No Deposit,9,Transient,162.26,0,0
BKG1271,Resort Hotel,0,33,2024-10-11,0,2,3,0,0,BB,FRA,Corporate,Corporate,0,1,G,D,2,No Deposit,0,Transient,194.2,0,4
BKG1272,Resort Hotel,1,16,2025-06-14,3,3,1,0,0,BB,DEU,Corporate,GDS,1,1,H,D,3,No Deposit,4,Group,118.85,0,4
BKG1273,Resort Hotel,1,164,2025-07-22,2,4,2,1,0,BB,USA,Direct,TA/TO,0,0,D,E,1,No Deposit,7,Contract,85.76,0,0
BKG1274,City Hotel,1,152,2024-08-08,2,2,2,0,0,BB,ITA,Offline TA/TO,Corporate,0,2,A,G,0,Non Refund,1,Contract,191.27,0,5
BKG1275,Resort Hotel,0,75,2024-12-19,1,1,2,0,1,SC,USA,Corporate,TA/TO,0,1,B,F,1,No Deposit,4,Contract,140.56,0,5
BKG1276,City Hotel,0,86,2025-05-26,1,2,4,2,0,HB,GBR,Online TA,Corporate,0,0,B,G,1,No Deposit,7,Contract,65.79,0,2
BKG1277,Resort Hotel,0,116,2024-09-16,3,5,2,0,0,SC,USA,Direct,Corporate,0,2,H,D,2,No Deposit,9,Group,135.9,0,4
BKG1278,City Hotel,0,361,2024-10-27,2,1,2,2,0,BB,USA,Direct,Corporate,0,2,A,C,0,No Deposit,4,Transient,125.09,0,5
BKG1279,Resort Hotel,1,341,2024-12-05,2,3,2,0,0,BB,PRT,Offline TA/TO,GDS,0,2,D,E,0,Refundable,1,Transient-Party,178.34,1,4
BKG1280,Resort Hotel,1,26,2025-07-15,0,4,2,1,0,HB,FRA,Corporate,TA/TO,1,1,G,A,2,No Deposit,2,Transient-Party,129.6,0,2
BKG1281,Resort Hotel,1,312,2024-08-21,3,2,2,0,0,BB,ITA,Offline TA/TO,Direct,1,1,G,B,1,Refundable,5,Transient,88.28,0,2
BKG1282,Resort Hotel,1,286,2025-03-22,3,1,4,0,0,BB,FRA,Direct,Direct,0,1,A,B,2,No Deposit,4,Group,151.35,0,5
BKG1283,City Hotel,0,133,2025-07-31,0,5,2,1,0,BB,PRT,Corporate,Direct,0,2,E,H,3,Refundable,3,Transient-Party,131.39,0,0
BKG1284,Resort Hotel,1,218,2025-07-15,3,1,2,1,0,BB,PRT,Online TA,Direct,0,1,C,B,0,No Deposit,3,Transient,84.96,0,3
BKG1285,City Hotel,1,167,2024-09-04,3,5,2,1,0,BB,USA,Corporate,Corporate,0,0,F,C,3,Refundable,4,Group,136.04,0,1
BKG1286,City Hotel,1,97,2024-11-23,1,3,2,0,1,BB,ESP,Direct,TA/TO,0,1,E,A,2,No Deposit,1,Transient-Party,173.23,1,3
BKG1287,City Hotel,0,267,2025-01-20,2,4,2,1,0,HB,DEU,Online TA,TA/TO,0,1,G,E,0,No Deposit,8,Contract,54.29,0,3
BKG1288,City Hotel,0,236,2025-01-21,3,3,2,1,0,BB,DEU,Corporate,GDS,0,2,C,E,3,No Deposit,1,Contract,144.63,0,4
BKG1289,Resort Hotel,0,308,2025-02-12,1,2,3,0,0,BB,USA,Online TA,TA/TO,0,1,F,B,3,Non Refund,9,Group,102.44,0,2
BKG1290,City Hotel,1,172,2025-07-16,2,1,2,1,1,FB,DEU,Online TA,TA/TO,0,0,F,A,1,No Deposit,1,Contract,93.9,1,4
BKG1291,City Hotel,0,189,2025-02-18,0,5,2,1,0,BB,PRT,Direct,TA/TO,0,2,F,A,0,No Deposit,9,Group,108.89,0,5
BKG1292,City Hotel,0,121,2024-10-10,1,5,2,0,0,BB,FRA,Online TA,GDS,0,0,B,A,3,Refundable,8,Transient,101.3,0,1
BKG1293,Resort Hotel,0,45,2025-01-25,1,1,3,0,0,FB,DEU,Offline TA/TO,Direct,0,2,H,D,3,No Deposit,2,Transient,174.84,0,5
BKG1294,Resort Hotel,0,63,2025-02-13,2,1,2,0,0,BB,ITA,Direct,TA/TO,0,2,F,D,1,No Deposit,9,Transient-Party,91.22,0,0
BKG1295,Resort Hotel,0,129,2025-05-22,0,2,1,0,0,BB,USA,Offline TA/TO,GDS,0,1,D,B,3,No Deposit,6,Group,159.97,0,1
BKG1296,Resort Hotel,0,309,2024-09-26,1,3,2,0,0,BB,ESP,Online TA,GDS,0,0,A,A,3,No Deposit,3,Transient-Party,64.11,0,4
BKG1297,City Hotel,0,362,2025-01-04,3,5,2,0,0,BB,USA,Offline TA/TO,Corporate,0,2,G,F,3,Non Refund,5,Transient-Party,192.71,0,4
BKG1298,City Hotel,0,192,2025-04-09,3,2,1,0,0,BB,GBR,Corporate,GDS,0,1,D,A,1,No Deposit,3,Transient,143.35,0,5
BKG1299,Resort Hotel,1,306,2025-03-09,3,3,2,0,0,FB,USA,Online TA,Direct,0,2,A,E,3,No Deposit,9,Transient-Party,156.01,0,4
BKG1300,City Hotel,0,180,2025-06-06,0,2,2,0,0,BB,PRT,Corporate,TA/TO,0,2,E,E,3,Non Refund,6,Contract,94.71,0,4
BKG1301,City Hotel,1,291,2024-11-13,1,5,2,1,0,BB,FRA,Offline TA/TO,GDS,0,2,H,B,0,No Deposit,0,Transient-Party,111.81,0,3
BKG1302,City Hotel,0,281,2025-07-04,3,1,3,2,0,BB,FRA,Corporate,Direct,0,2,E,F,0,No Deposit,2,Group,83.57,0,0
BKG1303,Resort Hotel,0,28,2024-12-14,0,1,3,0,0,BB,ITA,Online TA,GDS,0,2,A,A,1,No Deposit,2,Contract,189.88,0,3
BKG1304,Resort Hotel,1,148,2025-02-15,3,3,2,2,1,HB,DEU,Corporate,GDS,0,2,D,G,2,No Deposit,0,Transient,123.22,0,4
BKG1305,City Hotel,0,266,2025-02-01,2,4,2,0,0,BB,PRT,Offline TA/TO,GDS,1,1,A,F,0,No Deposit,5,Group,144.57,1,2
BKG1306,Resort Hotel,0,295,2024-09-28,1,3,2,0,0,BB,GBR,Offline TA/TO,GDS,1,2,F,H,1,Non Refund,8,Contract,160.14,2,3
BKG1307,Resort Hotel,0,10,2024-08-26,1,4,2,0,0,BB,PRT,Offline TA/TO,GDS,0,0,B,B,3,No Deposit,7,Group,105.67,0,4
BKG1308,Resort Hotel,1,163,2025-07-01,0,2,2,0,1,BB,USA,Online TA,Direct,0,1,G,E,3,No Deposit,6,Contract,158.02,0,4
BKG1309,Resort Hotel,0,112,2025-06-23,0,2,1,1,0,BB,PRT,Offline TA/TO,TA/TO,0,0,E,G,1,No Deposit,9,Group,151.4,0,0
BKG1310,Resort Hotel,1,186,2025-01-08,1,5,2,1,0,FB,PRT,Online TA,TA/TO,0,2,G,E,3,No Deposit,7,Group,155.85,1,5
BKG1311,City Hotel,0,294,2024-08-23,3,4,3,0,0,BB,ITA,Corporate,TA/TO,1,0,B,D,3,Non Refund,5,Contract,123.38,0,1
BKG1312,Resort Hotel,0,231,2025-02-22,3,5,2,0,0,BB,GBR,Offline TA/TO,TA/TO,0,2,F,B,2,Refundable,8,Transient,107.44,0,3
BKG1313,City Hotel,0,226,2024-10-08,2,1,1,0,0,BB,USA,Corporate,Direct,0,2,F,B,3,No Deposit,2,Transient,83.31,0,3
BKG1314,City Hotel,0,309,2024-08-16,3,4,2,0,0,HB,ESP,Direct,Corporate,0,1,E,A,0,No Deposit,9,Group,173.69,1,3
BKG1315,Resort Hotel,0,97,2024-08-01,0,3,2,0,0,BB,ITA,Corporate,Corporate,1,1,E,A,3,No Deposit,9,Group,141.25,0,4
BKG1316,City Hotel,0,54,2024-08-05,0,1,2,0,1,HB,ESP,Direct,Direct,0,2,F,D,1,No Deposit,8,Transient,116.65,0,0
BKG1317,City Hotel,0,110,2024-09-19,3,1,2,1,0,HB,ITA,Corporate,Direct,0,1,C,G,2,No Deposit,3,Transient,191.6,0,4
BKG1318,City Hotel,1,151,2025-03-18,0,3,2,2,0,FB,FRA,Online TA,GDS,0,0,G,H,3,No Deposit,6,Transient-Party,57.18,0,4
BKG1319,Resort Hotel,0,245,2025-05-21,1,1,2,0,0,BB,ITA,Corporate,GDS,0,1,H,C,1,No Deposit,8,Transient,177.53,0,5
BKG1320,Resort Hotel,0,68,2024-12-12,1,4,2,2,0,BB,DEU,Online TA,GDS,0,1,B,F,0,No Deposit,1,Group,199.64,0,2
BKG1321,City Hotel,1,311,2025-04-24,3,5,2,0,0,FB,PRT,Online TA,TA/TO,0,0,G,C,3,No Deposit,1,Contract,183.04,0,0
BKG1322,Resort Hotel,0,288,2025-01-28,1,1,3,0,0,SC,FRA,Offline TA/TO,GDS,1,1,B,C,2,No Deposit,8,Transient,171.57,1,3
BKG1323,Resort Hotel,0,249,2024-10-20,1,4,3,0,0,FB,GBR,Online TA,Corporate,1,2,C,B,3,No Deposit,2,Transient-Party,106.15,0,1
BKG1324,Resort Hotel,1,35,2025-02-22,2,2,3,0,0,BB,ESP,Direct,TA/TO,0,0,H,F,1,No Deposit,8,Transient-Party,84.7,0,3
BKG1325,Resort Hotel,1,238,2025-07-22,2,4,2,2,1,BB,ITA,Offline TA/TO,GDS,0,2,D,B,2,No Deposit,4,Transient-Party,160.23,0,4
BKG1326,City Hotel,0,147,2024-08-08,1,5,2,0,0,BB,PRT,Offline TA/TO,TA/TO,0,0,B,H,3,Non Refund,5,Contract,95.69,0,0
BKG1327,City Hotel,1,226,2025-07-03,3,4,4,0,0,HB,GBR,Corporate,Corporate,0,2,G,F,0,No Deposit,1,Transient,76.41,0,0
BKG1328,Resort Hotel,0,243,2025-01-27,2,3,2,0,1,BB,DEU,Online TA,GDS,0,2,A,E,2,No Deposit,7,Transient,167.98,0,0
BKG1329,Resort Hotel,0,336,2025-03-12,0,5,1,0,0,BB,GBR,Online TA,Corporate,0,1,H,B,0,No Deposit,8,Transient,96.88,0,2
BKG1330,City Hotel,0,364,2025-03-09,0,2,1,1,0,FB,PRT,Direct,Corporate,0,2,F,B,1,No Deposit,1,Contract,187.17,2,3
BKG1331,City Hotel,1,200,2025-01-22,0,3,2,0,0,BB,DEU,Corporate,Corporate,0,1,F,B,3,Non Refund,5,Contract,176.09,1,2
BKG1332,Resort Hotel,0,153,2024-10-01,3,4,3,0,0,FB,GBR,Corporate,GDS,0,0,C,G,0,No Deposit,5,Group,177.15,2,5
BKG1333,City Hotel,0,72,2025-07-04,1,5,2,0,0,BB,DEU,Offline TA/TO,Direct,0,2,B,D,1,No Deposit,7,Transient-Party,165.74,0,1
BKG1334,Resort Hotel,0,200,2025-06-27,0,2,2,0,0,BB,ITA,Offline TA/TO,GDS,0,2,D,B,3,Non Refund,9,Transient-Party,182.13,0,5
BKG1335,Resort Hotel,0,295,2025-07-18,3,3,2,0,0,BB,ITA,Offline TA/TO,Corporate,0,0,B,H,1,No Deposit,4,Transient,170.86,0,4
BKG1336,City Hotel,0,16,2025-08-01,2,2,2,0,0,HB,PRT,Direct,GDS,0,0,F,A,0,No Deposit,8,Contract,140.38,0,2
BKG1337,City Hotel,0,128,2024-09-26,1,4,3,0,0,BB,PRT,Direct,Corporate,0,2,E,A,1,No Deposit,0,Contract,94.37,0,2
BKG1338,Resort Hotel,0,216,2025-01-29,2,2,2,1,0,BB,DEU,Offline TA/TO,Direct,0,0,A,F,2,No Deposit,8,Transient,183.23,0,5
BKG1339,Resort Hotel,0,60,2024-12-25,3,1,2,1,0,SC,USA,Corporate,TA/TO,0,1,H,E,3,No Deposit,9,Transient,176.09,0,4
BKG1340,City Hotel,0,103,2024-12-29,0,3,4,1,1,BB,FRA,Direct,Direct,0,0,C,D,1,No Deposit,6,Group,120.93,0,0
BKG1341,Resort Hotel,0,41,2025-06-08,0,2,2,0,0,BB,GBR,Corporate,Direct,0,0,E,G,0,No Deposit,3,Transient-Party,55.86,0,4
BKG1342,City Hotel,0,24,2025-06-23,3,4,2,0,0,BB,GBR,Corporate,TA/TO,0,2,G,F,3,Non Refund,2,Transient-Party,145.78,0,3
BKG1343,Resort Hotel,0,38,2024-12-28,0,4,2,0,0,BB,USA,Online TA,GDS,0,1,D,A,2,No Deposit,9,Transient-Party,57.59,0,5
BKG1344,City Hotel,1,290,2024-09-22,1,2,2,1,0,HB,USA,Offline TA/TO,TA/TO,0,0,E,D,3,No Deposit,5,Group,188.94,0,4
BKG1345,City Hotel,0,130,2025-03-29,3,4,2,0,1,BB,USA,Online TA,GDS,0,1,G,D,2,No Deposit,0,Transient,194.24,0,0
BKG1346,City Hotel,0,228,2025-03-12,2,5,2,0,0,BB,ESP,Offline TA/TO,GDS,0,1,E,E,3,No Deposit,2,Transient,78.42,0,4
BKG1347,Resort Hotel,0,107,2025-01-05,3,5,2,0,0,BB,ESP,Offline TA/TO,Corporate,0,1,D,H,1,No Deposit,1,Transient-Party,151.46,2,2
BKG1348,Resort Hotel,0,171,2024-12-22,1,5,2,0,0,HB,DEU,Corporate,Corporate,0,2,H,D,1,Non Refund,8,Transient-Party,63.84,0,1
BKG1349,City Hotel,0,101,2025-02-15,1,1,3,0,0,BB,ESP,Offline TA/TO,TA/TO,0,0,E,B,0,No Deposit,2,Group,159.43,2,2
BKG1350,Resort Hotel,0,353,2024-10-19,3,2,2,0,0,BB,ITA,Corporate,Direct,0,2,C,D,2,No Deposit,1,Contract,102.09,0,1
BKG1351,City Hotel,0,11,2024-11-07,3,1,2,1,1,BB,ITA,Corporate,TA/TO,0,0,F,E,0,No Deposit,3,Contract,152.16,0,4
BKG1352,City Hotel,0,274,2024-11-05,0,4,2,0,0,BB,PRT,Offline TA/TO,GDS,0,0,B,F,1,No Deposit,1,Transient-Party,105.93,0,3
BKG1353,Resort Hotel,0,100,2025-01-17,1,1,2,0,0,BB,DEU,Corporate,Corporate,0,2,E,E,2,Non Refund,0,Group,71.84,0,4
BKG1354,Resort Hotel,0,43,2025-04-29,3,4,2,0,0,BB,GBR,Corporate,TA/TO,0,1,C,G,0,No Deposit,5,Transient-Party,110.92,0,0
BKG1355,City Hotel,0,304,2024-12-11,3,4,3,0,0,FB,FRA,Corporate,TA/TO,0,1,B,E,0,Non Refund,9,Contract,66.9,0,4
BKG1356,Resort Hotel,0,16,2024-12-28,1,3,3,0,0,BB,PRT,Direct,Corporate,0,0,H,A,0,No Deposit,7,Transient-Party,136.53,0,1
BKG1357,Resort Hotel,0,329,2025-04-01,3,5,2,1,0,SC,GBR,Corporate,Corporate,0,2,G,B,0,No Deposit,9,Contract,56.14,0,2
BKG1358,City Hotel,0,56,2025-06-18,0,4,4,0,0,SC,GBR,Direct,Corporate,0,1,B,H,0,No Deposit,9,Contract,129.1,0,3
BKG1359,City Hotel,0,310,2025-07-04,1,3,2,1,0,BB,DEU,Direct,GDS,0,1,G,A,2,No Deposit,1,Contract,182.96,0,4
BKG1360,Resort Hotel,0,302,2024-11-16,0,5,2,0,0,BB,USA,Corporate,Corporate,0,0,E,F,0,No Deposit,8,Transient,175.68,0,4
BKG1361,City Hotel,1,11,2025-02-08,0,4,2,0,0,BB,USA,Corporate,Direct,0,0,C,C,2,No Deposit,2,Transient,182.42,0,2
BKG1362,City Hotel,0,317,2025-03-03,0,4,3,1,0,HB,PRT,Direct,TA/TO,0,2,F,F,0,No Deposit,7,Transient-Party,188.31,0,3
BKG1363,Resort Hotel,0,79,2025-04-26,0,1,2,0,0,BB,USA,Direct,Corporate,0,0,E,B,1,No Deposit,7,Contract,65.68,0,5
BKG1364,City Hotel,1,215,2024-10-04,1,1,2,0,0,BB,GBR,Corporate,Corporate,1,1,G,D,1,No Deposit,2,Transient,69.31,0,4
BKG1365,City Hotel,1,338,2024-12-23,0,5,2,0,0,BB,USA,Corporate,GDS,0,1,D,E,0,No Deposit,2,Transient-Party,133.55,0,4
BKG1366,Resort Hotel,0,263,2024-11-16,0,4,2,0,0,FB,ESP,Offline TA/TO,GDS,0,1,B,C,3,Non Refund,5,Transient-Party,184.1,1,5
BKG1367,Resort Hotel,0,148,2024-12-23,3,2,1,1,0,HB,USA,Direct,TA/TO,0,1,E,B,1,No Deposit,0,Transient-Party,196.15,0,1
BKG1368,City Hotel,1,80,2024-08-18,1,1,3,0,0,BB,GBR,Direct,Direct,0,2,G,A,2,No Deposit,3,Transient-Party,56.94,0,1
BKG1369,City Hotel,1,214,2024-09-20,1,5,3,1,0,HB,DEU,Offline TA/TO,TA/TO,1,2,H,E,0,No Deposit,0,Transient-Party,103.37,0,0
BKG1370,Resort Hotel,0,197,2025-04-30,2,4,2,1,0,BB,PRT,Direct,Corporate,0,0,B,F,2,No Deposit,2,Group,81.93,0,2
BKG1371,Resort Hotel,0,199,2025-07-26,1,4,4,0,0,BB,FRA,Online TA,Direct,1,0,H,A,3,No Deposit,8,Contract,163.39,0,3
BKG1372,Resort Hotel,0,24,2025-06-14,1,2,2,2,0,FB,USA,Direct,Direct,0,0,G,B,0,No Deposit,4,Transient-Party,146.03,0,4
BKG1373,Resort Hotel,0,88,2025-02-21,2,5,4,0,0,BB,ITA,Offline TA/TO,Direct,0,2,C,B,1,No Deposit,4,Group,67.98,0,4
BKG1374,City Hotel,0,267,2025-02-17,1,4,2,2,0,BB,ITA,Online TA,Direct,0,1,A,F,2,Non Refund,3,Contract,122.53,0,0
BKG1375,Resort Hotel,0,142,2024-08-11,1,1,2,0,0,BB,GBR,Corporate,TA/TO,0,0,H,C,1,No Deposit,2,Transient,152.82,0,4
BKG1376,Resort Hotel,0,58,2025-01-20,1,2,2,0,0,FB,FRA,Offline TA/TO,GDS,0,1,E,F,1,No Deposit,4,Transient-Party,166.85,0,2
BKG1377,City Hotel,1,364,2024-10-31,1,5,3,0,1,HB,FRA,Offline TA/TO,GDS,0,0,F,D,0,No Deposit,3,Group,53.01,0,0
BKG1378,Resort Hotel,0,25,2024-12-14,2,2,2,0,0,HB,ESP,Corporate,Corporate,0,0,E,A,2,No Deposit,7,Transient,183.57,0,2
BKG1379,City Hotel,0,46,2025-07-30,1,1,2,0,0,HB,FRA,Offline TA/TO,GDS,0,0,B,C,3,No Deposit,3,Group,135.39,1,0
BKG1380,Resort Hotel,1,287,2025-01-19,1,5,1,1,0,BB,ITA,Direct,GDS,1,0,C,E,1,No Deposit,7,Contract,171.79,0,4
BKG1381,Resort Hotel,1,265,2024-08-01,2,2,2,0,1,BB,DEU,Corporate,GDS,0,0,G,G,0,No Deposit,5,Contract,171.19,0,0
BKG1382,Resort Hotel,0,15,2025-02-04,3,3,2,0,0,BB,GBR,Offline TA/TO,GDS,0,1,D,D,0,No Deposit,4,Transient,78.48,0,1
BKG1383,City Hotel,0,198,2025-04-16,0,1,2,1,0,BB,GBR,Corporate,Corporate,0,0,F,C,3,No Deposit,3,Group,66.53,1,3
BKG1384,City Hotel,0,281,2024-12-14,3,1,3,0,0,BB,USA,Corporate,TA/TO,0,1,C,G,0,No Deposit,3,Transient-Party,158.19,0,4
BKG1385,Resort Hotel,0,85,2025-01-07,2,1,1,2,0,SC,USA,Corporate,Direct,1,2,H,G,1,No Deposit,3,Transient-Party,73.46,0,5
BKG1386,City Hotel,0,249,2025-04-18,0,3,2,1,0,BB,USA,Online TA,GDS,0,0,H,A,0,No Deposit,8,Transient,177.49,0,3
BKG1387,City Hotel,0,269,2024-11-12,2,3,2,2,0,BB,ITA,Offline TA/TO,TA/TO,0,1,E,B,2,Non Refund,3,Transient,158.93,0,4
BKG1388,City Hotel,0,334,2025-07-16,2,4,3,1,0,BB,ITA,Online TA,GDS,0,2,D,E,2,Refundable,8,Transient,176.27,0,3
BKG1389,City Hotel,0,116,2025-07-29,1,2,3,0,0,BB,ITA,Offline TA/TO,GDS,0,2,C,F,1,No Deposit,9,Group,94.85,0,1
BKG1390,City Hotel,0,6,2025-04-04,0,4,2,0,1,SC,ITA,Direct,Direct,0,2,A,A,2,No Deposit,5,Transient-Party,97.49,1,3
BKG1391,City Hotel,0,136,2025-06-29,1,2,2,1,0,BB,ITA,Direct,Direct,0,1,F,D,3,No Deposit,9,Transient-Party,150.68,0,0
BKG1392,Resort Hotel,0,175,2025-04-07,0,3,2,0,0,BB,ITA,Direct,Direct,0,0,B,H,0,No Deposit,6,Transient-Party,54.72,0,3
BKG1393,Resort Hotel,0,327,2024-12-26,2,3,2,0,0,HB,DEU,Offline TA/TO,GDS,0,0,C,G,1,No Deposit,9,Transient,158.97,0,4
BKG1394,City Hotel,0,314,2024-09-23,2,4,3,0,0,BB,ITA,Corporate,GDS,1,1,C,D,3,No Deposit,2,Transient-Party,175.37,0,5
BKG1395,Resort Hotel,1,214,2025-01-02,3,5,2,2,0,BB,FRA,Corporate,GDS,0,0,A,G,0,No Deposit,7,Contract,112.27,2,5
BKG1396,Resort Hotel,0,81,2024-08-12,0,4,2,0,0,BB,FRA,Online TA,Direct,0,1,E,B,3,No Deposit,2,Transient,164.73,0,2
BKG1397,Resort Hotel,0,222,2025-03-28,1,2,2,0,0,BB,ESP,Online TA,Corporate,1,0,G,H,1,No Deposit,0,Transient-Party,76.19,0,3
BKG1398,Resort Hotel,1,102,2025-03-16,3,4,3,0,0,SC,DEU,Direct,TA/TO,0,2,G,B,1,Non Refund,9,Group,98.34,0,5
BKG1399,City Hotel,0,272,2025-03-27,3,1,2,0,0,HB,USA,Online TA,Corporate,0,0,F,E,3,No Deposit,4,Transient,196.15,0,3
BKG1400,Resort Hotel,0,13,2024-10-11,3,2,2,0,0,BB,PRT,Offline TA/TO,GDS,0,1,F,F,0,No Deposit,1,Contract,197.95,0,5
BKG1401,Resort Hotel,0,158,2024-12-09,1,2,2,0,0,FB,ITA,Offline TA/TO,GDS,1,1,B,E,2,No Deposit,9,Contract,126.89,1,3
BKG1402,City Hotel,0,151,2025-01-09,3,5,3,0,0,BB,ESP,Online TA,Corporate,0,2,C,B,2,No Deposit,5,Group,190.14,2,4
BKG1403,City Hotel,1,107,2025-06-04,1,3,2,1,0,BB,PRT,Online TA,GDS,0,1,D,B,3,No Deposit,9,Group,128.41,0,3
BKG1404,Resort Hotel,0,187,2025-02-07,3,2,2,0,0,BB,FRA,Online TA,TA/TO,0,0,C,D,1,No Deposit,8,Transient,93.74,0,4
BKG1405,Resort Hotel,0,300,2024-12-14,1,3,2,1,1,BB,ESP,Online TA,GDS,0,0,G,B,0,Non Refund,0,Transient,90.03,0,4
BKG1406,Resort Hotel,0,97,2024-11-24,2,4,2,1,0,BB,ESP,Direct,TA/TO,0,2,B,H,0,No Deposit,3,Contract,189.43,1,2
BKG1407,Resort Hotel,0,130,2025-04-21,2,1,2,0,0,HB,GBR,Direct,Corporate,0,1,C,H,1,No Deposit,0,Group,75.87,0,5
BKG1408,Resort Hotel,0,292,2024-10-01,2,5,2,0,0,SC,FRA,Online TA,Corporate,0,2,A,C,2,No Deposit,0,Transient,136.94,0,0
BKG1409,Resort Hotel,0,170,2025-06-05,2,3,2,0,0,BB,FRA,Offline TA/TO,GDS,0,0,G,G,0,No Deposit,7,Contract,133.33,0,4
BKG1410,City Hotel,0,182,2024-11-22,2,2,2,1,0,BB,DEU,Direct,TA/TO,1,2,C,A,3,No Deposit,1,Group,160.94,0,5
BKG1411,Resort Hotel,1,363,2025-07-21,3,3,2,0,0,BB,ESP,Offline TA/TO,GDS,0,1,C,B,2,Non Refund,0,Contract,124.89,2,1
BKG1412,Resort Hotel,0,38,2025-05-27,3,2,3,0,0,BB,ITA,Corporate,Direct,0,2,G,E,3,Non Refund,7,Transient-Party,90.84,0,3
BKG1413,City Hotel,0,14,2024-09-01,3,3,2,0,0,BB,FRA,Offline TA/TO,Direct,0,1,D,F,2,No Deposit,3,Group,75.41,0,1
BKG1414,City Hotel,0,3,2025-04-18,1,2,4,0,0,BB,ESP,Online TA,Direct,0,1,G,G,1,No Deposit,2,Transient,143.12,0,3
BKG1415,City Hotel,0,348,2025-01-24,1,4,2,0,1,FB,DEU,Corporate,Direct,0,0,A,G,3,No Deposit,3,Transient,157.85,0,2
BKG1416,City Hotel,0,209,2025-03-18,1,2,2,0,0,BB,ITA,Direct,GDS,0,0,A,F,3,No Deposit,4,Transient-Party,135.43,0,4
BKG1417,Resort Hotel,0,160,2024-11-06,1,2,2,1,0,BB,DEU,Direct,Direct,0,0,C,F,1,Refundable,0,Group,160.75,0,0
BKG1418,Resort Hotel,0,15,2025-04-27,2,1,2,0,0,BB,GBR,Corporate,TA/TO,0,1,F,G,3,No Deposit,0,Contract,71.23,0,4
BKG1419,Resort Hotel,0,107,2025-04-02,2,2,2,0,0,BB,ITA,Offline TA/TO,Corporate,0,2,D,C,2,No Deposit,2,Transient,182.37,0,3
BKG1420,Resort Hotel,0,310,2025-05-29,2,1,1,0,0,BB,ESP,Direct,Corporate,0,1,C,E,0,No Deposit,5,Transient-Party,137.36,0,0
BKG1421,Resort Hotel,1,226,2025-03-16,0,5,2,1,0,HB,FRA,Online TA,Direct,0,0,G,C,0,No Deposit,0,Transient-Party,69.03,0,4
BKG1422,Resort Hotel,0,169,2024-09-18,3,1,3,0,0,BB,FRA,Corporate,Direct,0,0,C,B,1,Non Refund,1,Group,119.29,0,0
BKG1423,City Hotel,0,33,2025-05-11,1,4,2,1,0,HB,ESP,Online TA,Direct,0,2,B,A,2,No Deposit,6,Group,176.72,0,3
BKG1424,Resort Hotel,0,250,2024-10-15,1,1,3,0,0,BB,ESP,Corporate,GDS,0,0,B,F,3,No Deposit,0,Transient,184.63,0,2
BKG1425,City Hotel,1,246,2025-02-06,2,5,2,0,0,BB,ESP,Direct,Corporate,0,0,F,H,3,No Deposit,6,Transient-Party,89.7,0,2
BKG1426,City Hotel,0,268,2024-10-23,1,4,2,0,0,BB,USA,Offline TA/TO,Direct,0,0,D,E,0,No Deposit,3,Contract,156.69,0,4
BKG1427,Resort Hotel,0,140,2025-07-17,1,3,2,0,0,FB,ITA,Corporate,TA/TO,0,2,E,F,3,No Deposit,9,Transient-Party,65.0,0,1
BKG1428,City Hotel,1,273,2025-05-23,3,3,2,0,0,BB,FRA,Corporate,Direct,0,1,H,C,0,No Deposit,5,Contract,55.03,1,3
BKG1429,Resort Hotel,1,95,2024-11-02,2,1,2,0,0,HB,ITA,Online TA,Corporate,0,0,B,D,1,No Deposit,7,Contract,134.06,0,4
BKG1430,City Hotel,1,226,2024-08-04,3,1,2,1,0,BB,DEU,Direct,Direct,0,2,E,B,3,No Deposit,8,Transient,154.22,0,4
BKG1431,Resort Hotel,0,38,2025-02-28,0,5,1,0,0,HB,FRA,Online TA,Corporate,1,0,A,A,2,No Deposit,5,Transient-Party,169.37,0,2
BKG1432,City Hotel,0,301,2025-07-20,0,5,2,0,0,BB,USA,Direct,Direct,0,2,B,B,3,No Deposit,8,Contract,101.03,0,0
BKG1433,Resort Hotel,0,28,2025-07-07,0,2,2,0,0,HB,ESP,Online TA,TA/TO,1,0,B,D,0,No Deposit,3,Group,50.98,1,3
BKG1434,Resort Hotel,1,317,2025-04-06,2,5,3,0,0,BB,GBR,Corporate,Direct,0,2,D,A,1,No Deposit,5,Contract,121.93,0,0
BKG1435,Resort Hotel,0,244,2025-07-01,1,2,3,0,0,SC,ESP,Online TA,TA/TO,0,0,F,D,0,No Deposit,7,Group,52.38,1,5
BKG1436,Resort Hotel,0,235,2025-06-01,2,4,2,0,0,BB,ESP,Offline TA/TO,TA/TO,0,1,E,B,3,No Deposit,8,Group,63.8,0,5
BKG1437,Resort Hotel,0,184,2024-11-23,2,1,2,0,0,BB,USA,Direct,Direct,0,0,G,C,0,No Deposit,2,Transient-Party,99.0,2,3
BKG1438,City Hotel,1,271,2025-07-24,1,4,2,0,0,BB,ITA,Direct,TA/TO,0,2,B,G,0,No Deposit,1,Group,115.58,1,1
BKG1439,City Hotel,0,235,2024-08-11,3,5,2,0,0,FB,FRA,Corporate,GDS,0,0,B,B,1,Non Refund,5,Contract,91.92,1,5
BKG1440,City Hotel,0,238,2024-10-04,0,4,3,0,1,BB,ESP,Direct,Direct,0,1,D,B,2,No Deposit,3,Group,137.28,0,2
BKG1441,Resort Hotel,0,265,2024-12-24,3,4,2,0,1,HB,FRA,Offline TA/TO,Direct,0,0,D,B,3,No Deposit,0,Transient-Party,58.3,0,1
BKG1442,City Hotel,0,358,2025-04-19,0,4,2,0,0,BB,PRT,Online TA,TA/TO,0,2,F,E,1,No Deposit,7,Transient,71.69,0,4
BKG1443,Resort Hotel,0,339,2024-10-27,2,5,2,2,0,BB,DEU,Corporate,TA/TO,0,2,E,D,2,No Deposit,8,Contract,154.29,0,5
BKG1444,Resort Hotel,0,64,2025-07-31,0,4,2,0,0,BB,ITA,Offline TA/TO,Direct,0,1,A,H,0,No Deposit,8,Contract,71.32,2,2
BKG1445,City Hotel,0,176,2025-04-22,2,2,2,0,1,SC,FRA,Direct,GDS,1,2,G,D,2,No Deposit,1,Transient-Party,145.97,0,4
BKG1446,City Hotel,0,2,2025-06-06,3,5,3,0,0,HB,GBR,Direct,TA/TO,0,0,F,F,0,No Deposit,8,Transient-Party,58.2,1,1
BKG1447,Resort Hotel,0,141,2024-10-12,2,4,2,1,0,SC,DEU,Offline TA/TO,TA/TO,0,0,H,D,0,No Deposit,6,Transient-Party,111.11,0,3
BKG1448,City Hotel,0,157,2025-01-19,3,5,2,1,0,BB,GBR,Online TA,Corporate,0,0,A,F,1,No Deposit,4,Transient-Party,76.61,0,4
BKG1449,Resort Hotel,0,323,2025-07-12,1,3,4,0,0,HB,ESP,Online TA,GDS,0,2,C,E,0,No Deposit,6,Contract,66.45,0,0
BKG1450,Resort Hotel,0,145,2025-03-02,1,2,2,2,0,HB,DEU,Corporate,GDS,0,0,B,C,1,No Deposit,8,Transient,135.05,0,3
BKG1451,Resort Hotel,0,292,2024-11-05,1,4,2,0,0,BB,FRA,Direct,Direct,0,0,E,F,2,No Deposit,7,Group,189.25,0,3
BKG1452,Resort Hotel,0,152,2024-09-14,2,3,1,0,0,FB,DEU,Offline TA/TO,GDS,0,0,F,B,2,No Deposit,5,Group,58.22,0,1
BKG1453,Resort Hotel,0,192,2024-09-23,1,3,2,1,0,SC,ESP,Online TA,Direct,0,1,B,C,0,Refundable,3,Transient,113.23,2,1
BKG1454,City Hotel,0,72,2024-08-11,0,5,3,1,0,FB,USA,Corporate,Corporate,0,2,E,G,1,No Deposit,0,Transient,156.13,0,2
BKG1455,City Hotel,1,304,2025-06-04,3,3,2,0,0,HB,ITA,Direct,GDS,1,2,E,E,0,No Deposit,5,Transient,119.4,0,2
BKG1456,Resort Hotel,0,343,2025-07-06,3,2,3,0,0,BB,GBR,Direct,TA/TO,0,2,E,D,1,Non Refund,2,Transient-Party,170.97,0,0
BKG1457,Resort Hotel,1,139,2024-09-11,0,2,2,0,0,BB,ESP,Corporate,Corporate,0,1,B,F,1,No Deposit,5,Contract,76.95,0,3
BKG1458,City Hotel,0,186,2025-04-29,2,1,3,0,0,SC,USA,Corporate,Direct,0,2,F,H,1,No Deposit,5,Contract,193.94,0,0
BKG1459,City Hotel,0,292,2024-09-27,2,2,2,1,0,BB,DEU,Online TA,Corporate,0,1,G,B,2,No Deposit,3,Contract,107.77,0,0
BKG1460,Resort Hotel,1,60,2025-01-01,3,3,3,0,0,HB,DEU,Offline TA/TO,Direct,0,1,D,A,1,Refundable,1,Transient-Party,101.24,0,1
BKG1461,City Hotel,0,197,2025-04-05,1,2,1,0,0,HB,ESP,Direct,Corporate,0,2,B,G,2,Non Refund,8,Contract,181.19,0,0
BKG1462,Resort Hotel,0,294,2025-05-08,2,5,4,0,0,HB,FRA,Offline TA/TO,Direct,0,0,H,A,1,No Deposit,1,Transient-Party,134.58,0,0
BKG1463,City Hotel,0,318,2024-09-12,2,1,2,0,0,SC,DEU,Direct,GDS,0,0,E,C,2,No Deposit,2,Contract,127.47,1,4
BKG1464,Resort Hotel,0,301,2025-05-18,0,3,2,0,0,BB,FRA,Direct,TA/TO,0,2,F,D,3,No Deposit,9,Transient,159.05,0,2
BKG1465,City Hotel,1,343,2024-12-28,0,1,3,0,0,BB,FRA,Offline TA/TO,Direct,0,2,G,H,2,No Deposit,0,Group,136.98,0,2
BKG1466,Resort Hotel,1,10,2024-10-06,1,3,2,2,0,BB,ITA,Corporate,Corporate,0,1,C,A,2,No Deposit,6,Group,74.38,0,3
BKG1467,City Hotel,1,61,2024-09-26,2,5,3,1,0,BB,FRA,Online TA,Direct,0,2,H,C,0,No Deposit,0,Transient-Party,151.13,0,2
BKG1468,City Hotel,0,332,2025-07-21,2,1,2,0,0,BB,PRT,Direct,Direct,0,1,A,E,1,No Deposit,8,Contract,70.02,0,5
BKG1469,Resort Hotel,1,225,2024-11-02,0,4,2,1,0,BB,ITA,Corporate,Direct,0,2,H,C,3,No Deposit,0,Group,170.88,0,3
BKG1470,City Hotel,1,152,2025-02-08,2,3,2,1,0,FB,USA,Direct,Corporate,0,0,E,G,0,No Deposit,4,Transient,198.46,0,4
BKG1471,Resort Hotel,0,198,2024-12-01,3,4,1,1,0,SC,USA,Online TA,TA/TO,0,0,C,H,1,No Deposit,6,Transient,106.61,0,2
BKG1472,City Hotel,0,51,2025-02-07,0,1,2,0,0,BB,DEU,Direct,GDS,0,2,D,H,3,No Deposit,2,Transient,116.71,0,4
BKG1473,Resort Hotel,1,259,2024-12-26,1,4,1,0,0,BB,DEU,Online TA,TA/TO,0,1,G,C,3,Refundable,8,Transient-Party,56.97,0,2
BKG1474,City Hotel,0,58,2024-08-22,0,4,2,0,0,SC,FRA,Online TA,Direct,0,0,G,G,3,No Deposit,7,Transient-Party,52.06,0,2
BKG1475,Resort Hotel,1,71,2025-04-10,2,1,2,0,0,BB,ITA,Direct,Corporate,0,1,E,C,1,No Deposit,2,Contract,188.21,0,4
BKG1476,City Hotel,0,147,2025-01-30,1,5,2,0,0,BB,ITA,Direct,TA/TO,0,2,H,H,3,No Deposit,4,Transient,69.29,0,0
BKG1477,Resort Hotel,1,348,2024-10-11,0,4,2,0,0,BB,PRT,Online TA,Direct,0,2,H,H,3,No Deposit,6,Contract,116.87,0,0
BKG1478,City Hotel,0,62,2025-03-13,3,4,2,0,0,BB,FRA,Corporate,GDS,0,0,G,B,0,Non Refund,3,Contract,172.3,0,0
BKG1479,Resort Hotel,0,309,2025-06-25,3,5,2,1,0,BB,PRT,Offline TA/TO,GDS,0,2,C,C,2,No Deposit,4,Transient,183.4,0,5
BKG1480,Resort Hotel,0,242,2024-08-16,0,4,1,0,0,SC,FRA,Online TA,GDS,0,0,E,F,1,No Deposit,2,Contract,127.91,0,0
BKG1481,Resort Hotel,1,329,2025-07-16,3,4,3,0,0,BB,GBR,Direct,Direct,0,1,B,C,2,No Deposit,8,Group,134.75,2,2
BKG1482,City Hotel,0,106,2024-08-08,3,4,3,2,0,BB,GBR,Direct,Corporate,0,0,F,H,0,No Deposit,9,Transient-Party,150.45,0,1
BKG1483,Resort Hotel,0,225,2025-02-07,3,2,2,2,0,BB,ESP,Corporate,TA/TO,0,0,C,B,2,No Deposit,8,Contract,194.21,0,4
BKG1484,City Hotel,0,312,2024-08-03,1,5,2,1,0,BB,FRA,Offline TA/TO,GDS,0,1,F,B,3,No Deposit,6,Transient,140.4,0,1
BKG1485,Resort Hotel,1,217,2024-10-29,3,4,3,2,0,HB,ITA,Online TA,Direct,0,0,B,E,3,No Deposit,9,Transient-Party,133.92,0,5
BKG1486,City Hotel,0,240,2025-05-20,3,5,2,0,1,HB,DEU,Online TA,Direct,0,0,B,G,1,No Deposit,1,Transient-Party,52.18,0,1
BKG1487,Resort Hotel,1,258,2024-10-26,3,3,1,2,0,HB,USA,Offline TA/TO,TA/TO,1,2,F,D,1,No Deposit,6,Contract,62.14,0,3
BKG1488,City Hotel,0,261,2025-06-10,1,3,2,0,0,BB,ESP,Online TA,GDS,0,1,C,A,1,Non Refund,6,Group,136.58,0,0
BKG1489,City Hotel,0,4,2024-11-27,0,4,2,0,0,SC,DEU,Offline TA/TO,Direct,1,0,F,A,0,No Deposit,4,Contract,190.44,1,5
BKG1490,Resort Hotel,0,260,2025-02-12,2,5,1,0,0,FB,GBR,Direct,TA/TO,0,1,F,C,1,Refundable,8,Group,180.0,0,2
BKG1491,City Hotel,0,53,2024-09-18,3,5,2,0,0,HB,FRA,Offline TA/TO,Corporate,0,1,A,E,0,No Deposit,2,Transient-Party,197.39,0,0
BKG1492,City Hotel,1,46,2025-01-31,0,5,4,0,0,BB,ESP,Online TA,Corporate,0,0,C,C,3,No Deposit,3,Contract,129.18,0,0
BKG1493,Resort Hotel,0,214,2024-10-18,3,2,3,0,0,BB,FRA,Offline TA/TO,Corporate,0,2,H,A,2,No Deposit,0,Transient,168.19,0,1
BKG1494,City Hotel,0,176,2024-12-06,1,3,2,1,0,BB,GBR,Corporate,GDS,0,1,H,G,3,No Deposit,5,Contract,176.06,0,3
BKG1495,City Hotel,1,8,2024-09-06,0,5,1,0,0,HB,ESP,Direct,TA/TO,0,0,A,H,3,No Deposit,3,Group,147.2,0,0
BKG1496,City Hotel,0,98,2024-12-07,1,5,3,0,0,BB,GBR,Direct,TA/TO,0,1,E,G,3,No Deposit,0,Group,100.81,0,4
BKG1497,Resort Hotel,0,19,2025-05-12,3,2,2,1,0,BB,PRT,Offline TA/TO,Direct,0,2,G,G,1,No Deposit,1,Contract,120.5,0,4
BKG1498,City Hotel,1,240,2025-06-16,3,2,2,0,0,FB,GBR,Online TA,Direct,0,2,H,B,1,No Deposit,2,Group,178.69,0,0
BKG1499,Resort Hotel,0,60,2024-12-21,1,5,1,0,0,FB,ITA,Corporate,Direct,0,2,F,H,1,No Deposit,8,Transient-Party,94.78,0,1
